category,revenue,percentage
Supreme,9007.20,26.674682
Classic,8778.50,25.997391
Veggie,8134.40,24.089899
Chicken,7846.75,23.238028
